Run,Assay Type,AvgSpotLen,Bases,BioProject,BioSample,Bytes,Center Name,Consent,DATASTORE filetype,DATASTORE provider,DATASTORE region,diagnosis,Experiment,GEO_Accession (exp),Instrument,LibraryLayout,LibrarySelection,LibrarySource,Organism,Platform,ReleaseDate,create_date,version,Sample Name,source_name,SRA Study,tissue
SRR12475103,RNA-Seq,300,5661047700,PRJNA658001,SAMN15856034,1709996961,GEO,public,"sra,run.zq,fastq","ncbi,s3,gs","s3.us-east-1,ncbi.public,gs.us-east1",Colorectal cancer,SRX8969062,GSM4731674,Illumina NovaSeq 6000,PAIRED,cDNA,TRANSCRIPTOMIC,Homo sapiens,ILLUMINA,2021-08-28T00:00:00Z,2020-08-19T09:32:00Z,1,GSM4731674,Tumor from colorectal cancer patient,SRP278056,Tumor
SRR12475104,RNA-Seq,300,3717254700,PRJNA658001,SAMN15856033,1133340754,GEO,public,"fastq,sra,run.zq","s3,gs,ncbi","ncbi.public,s3.us-east-1,gs.us-east1",Colorectal cancer,SRX8969063,GSM4731675,Illumina NovaSeq 6000,PAIRED,cDNA,TRANSCRIPTOMIC,Homo sapiens,ILLUMINA,2021-08-28T00:00:00Z,2020-08-19T09:29:00Z,1,GSM4731675,Tumor from colorectal cancer patient,SRP278056,Tumor
SRR12475105,RNA-Seq,300,3469344300,PRJNA658001,SAMN15856031,1069814451,GEO,public,"sra,fastq,run.zq","ncbi,s3,gs","gs.us-east1,s3.us-east-1,ncbi.public",Colorectal cancer,SRX8969064,GSM4731676,Illumina NovaSeq 6000,PAIRED,cDNA,TRANSCRIPTOMIC,Homo sapiens,ILLUMINA,2021-08-28T00:00:00Z,2020-08-19T09:32:00Z,1,GSM4731676,Tumor from colorectal cancer patient,SRP278056,Tumor
SRR12475106,RNA-Seq,300,3338970000,PRJNA658001,SAMN15856030,1006975912,GEO,public,"sra,run.zq,fastq","gs,ncbi,s3","gs.us-east1,ncbi.public,s3.us-east-1",Colorectal cancer,SRX8969065,GSM4731677,Illumina NovaSeq 6000,PAIRED,cDNA,TRANSCRIPTOMIC,Homo sapiens,ILLUMINA,2021-08-28T00:00:00Z,2020-08-19T09:35:00Z,1,GSM4731677,Tumor from colorectal cancer patient,SRP278056,Tumor
SRR12475107,RNA-Seq,300,4482333300,PRJNA658001,SAMN15856029,1351366293,GEO,public,"sra,fastq,run.zq","gs,s3,ncbi","ncbi.public,gs.us-east1,s3.us-east-1",Colorectal cancer,SRX8969066,GSM4731678,Illumina NovaSeq 6000,PAIRED,cDNA,TRANSCRIPTOMIC,Homo sapiens,ILLUMINA,2021-08-28T00:00:00Z,2020-08-19T09:42:00Z,1,GSM4731678,Tumor from colorectal cancer patient,SRP278056,Tumor
SRR12475108,RNA-Seq,300,5414469900,PRJNA658001,SAMN15856028,1644907757,GEO,public,"run.zq,fastq,sra","s3,gs,ncbi","ncbi.public,gs.us-east1,s3.us-east-1",Colorectal cancer,SRX8969067,GSM4731679,Illumina NovaSeq 6000,PAIRED,cDNA,TRANSCRIPTOMIC,Homo sapiens,ILLUMINA,2021-08-28T00:00:00Z,2020-08-19T09:35:00Z,1,GSM4731679,Tumor from colorectal cancer patient,SRP278056,Tumor
SRR12475109,RNA-Seq,300,6540829800,PRJNA658001,SAMN15856027,1948591365,GEO,public,"run.zq,fastq,sra","s3,ncbi,gs","gs.us-east1,ncbi.public,s3.us-east-1",Colorectal cancer,SRX8969068,GSM4731680,Illumina NovaSeq 6000,PAIRED,cDNA,TRANSCRIPTOMIC,Homo sapiens,ILLUMINA,2021-08-28T00:00:00Z,2020-08-19T09:52:00Z,1,GSM4731680,Tumor from colorectal cancer patient,SRP278056,Tumor
SRR12475110,RNA-Seq,300,8099161200,PRJNA658001,SAMN15856026,2423072788,GEO,public,"run.zq,sra,fastq","gs,s3,ncbi","gs.us-east1,s3.us-east-1,ncbi.public",Colorectal cancer,SRX8969069,GSM4731681,Illumina NovaSeq 6000,PAIRED,cDNA,TRANSCRIPTOMIC,Homo sapiens,ILLUMINA,2021-08-28T00:00:00Z,2020-08-19T10:12:00Z,1,GSM4731681,Tumor from colorectal cancer patient,SRP278056,Tumor
SRR12475111,RNA-Seq,300,7202933700,PRJNA658001,SAMN15856025,2145117550,GEO,public,"sra,run.zq,fastq","ncbi,gs,s3","s3.us-east-1,ncbi.public,gs.us-east1",Colorectal cancer,SRX8969070,GSM4731682,Illumina NovaSeq 6000,PAIRED,cDNA,TRANSCRIPTOMIC,Homo sapiens,ILLUMINA,2021-08-28T00:00:00Z,2020-08-19T09:45:00Z,1,GSM4731682,Tumor from colorectal cancer patient,SRP278056,Tumor
SRR12475112,RNA-Seq,300,10796381400,PRJNA658001,SAMN15856024,3228245237,GEO,public,"sra,fastq,run.zq","ncbi,gs,s3","s3.us-east-1,gs.us-east1,ncbi.public",Colorectal cancer,SRX8969071,GSM4731683,Illumina NovaSeq 6000,PAIRED,cDNA,TRANSCRIPTOMIC,Homo sapiens,ILLUMINA,2021-08-28T00:00:00Z,2020-08-19T10:07:00Z,1,GSM4731683,Tumor from colorectal cancer patient,SRP278056,Tumor
SRR12475113,RNA-Seq,300,8824938600,PRJNA658001,SAMN15856023,2629504270,GEO,public,"run.zq,fastq,sra","gs,ncbi,s3","s3.us-east-1,ncbi.public,gs.us-east1",Colorectal cancer,SRX8969072,GSM4731684,Illumina NovaSeq 6000,PAIRED,cDNA,TRANSCRIPTOMIC,Homo sapiens,ILLUMINA,2021-08-28T00:00:00Z,2020-08-19T09:43:00Z,1,GSM4731684,Tumor from colorectal cancer patient,SRP278056,Tumor
SRR12475114,RNA-Seq,300,13442308200,PRJNA658001,SAMN15856022,3991285521,GEO,public,"fastq,run.zq,sra","ncbi,s3,gs","ncbi.public,gs.us-east1,s3.us-east-1",Colorectal cancer,SRX8969073,GSM4731685,Illumina NovaSeq 6000,PAIRED,cDNA,TRANSCRIPTOMIC,Homo sapiens,ILLUMINA,2021-08-28T00:00:00Z,2020-08-19T09:56:00Z,1,GSM4731685,Tumor from colorectal cancer patient,SRP278056,Tumor
SRR12475115,RNA-Seq,300,8188582800,PRJNA658001,SAMN15856021,2469384417,GEO,public,"fastq,run.zq,sra","gs,s3,ncbi","s3.us-east-1,ncbi.public,gs.us-east1",Colorectal cancer,SRX8969074,GSM4731686,Illumina NovaSeq 6000,PAIRED,cDNA,TRANSCRIPTOMIC,Homo sapiens,ILLUMINA,2021-08-28T00:00:00Z,2020-08-19T09:38:00Z,1,GSM4731686,Tumor from colorectal cancer patient,SRP278056,Tumor
SRR12475116,RNA-Seq,300,11286383100,PRJNA658001,SAMN15856020,3382219060,GEO,public,"fastq,sra,run.zq","ncbi,s3,gs","ncbi.public,s3.us-east-1,gs.us-east1",Colorectal cancer,SRX8969075,GSM4731687,Illumina NovaSeq 6000,PAIRED,cDNA,TRANSCRIPTOMIC,Homo sapiens,ILLUMINA,2021-08-28T00:00:00Z,2020-08-19T09:41:00Z,1,GSM4731687,Tumor from colorectal cancer patient,SRP278056,Tumor
SRR12475117,RNA-Seq,300,8497529100,PRJNA658001,SAMN15856019,2524014777,GEO,public,"fastq,run.zq,sra","gs,ncbi,s3","gs.us-east1,ncbi.public,s3.us-east-1",Colorectal cancer,SRX8969076,GSM4731688,Illumina NovaSeq 6000,PAIRED,cDNA,TRANSCRIPTOMIC,Homo sapiens,ILLUMINA,2021-08-28T00:00:00Z,2020-08-19T09:46:00Z,1,GSM4731688,Tumor from colorectal cancer patient,SRP278056,Tumor
SRR12475118,RNA-Seq,300,8313949500,PRJNA658001,SAMN15856018,2570695316,GEO,public,"fastq,run.zq,sra","s3,gs,ncbi","gs.us-east1,s3.us-east-1,ncbi.public",Colorectal cancer,SRX8969077,GSM4731689,Illumina NovaSeq 6000,PAIRED,cDNA,TRANSCRIPTOMIC,Homo sapiens,ILLUMINA,2021-08-28T00:00:00Z,2020-08-19T09:38:00Z,1,GSM4731689,Tumor from colorectal cancer patient,SRP278056,Tumor
SRR12475119,RNA-Seq,300,8899832400,PRJNA658001,SAMN15856017,2656233455,GEO,public,"sra,run.zq,fastq","s3,gs,ncbi","gs.us-east1,ncbi.public,s3.us-east-1",Colorectal cancer,SRX8969078,GSM4731690,Illumina NovaSeq 6000,PAIRED,cDNA,TRANSCRIPTOMIC,Homo sapiens,ILLUMINA,2021-08-28T00:00:00Z,2020-08-19T09:43:00Z,1,GSM4731690,Tumor from colorectal cancer patient,SRP278056,Tumor
SRR12475120,RNA-Seq,300,8861458200,PRJNA658001,SAMN15856016,2668151499,GEO,public,"run.zq,sra,fastq","s3,ncbi,gs","s3.us-east-1,ncbi.public,gs.us-east1",Colorectal cancer,SRX8969079,GSM4731691,Illumina NovaSeq 6000,PAIRED,cDNA,TRANSCRIPTOMIC,Homo sapiens,ILLUMINA,2021-08-28T00:00:00Z,2020-08-19T09:49:00Z,1,GSM4731691,Tumor from colorectal cancer patient,SRP278056,Tumor
SRR12475121,RNA-Seq,300,8084184900,PRJNA658001,SAMN15855918,2425508239,GEO,public,"sra,fastq,run.zq","gs,ncbi,s3","ncbi.public,s3.us-east-1,gs.us-east1",Colorectal cancer,SRX8969080,GSM4731692,Illumina NovaSeq 6000,PAIRED,cDNA,TRANSCRIPTOMIC,Homo sapiens,ILLUMINA,2021-08-28T00:00:00Z,2020-08-19T10:08:00Z,1,GSM4731692,Tumor from colorectal cancer patient,SRP278056,Tumor
SRR12475122,RNA-Seq,300,9031127700,PRJNA658001,SAMN15855917,2702747247,GEO,public,"fastq,run.zq,sra","gs,ncbi,s3","ncbi.public,gs.us-east1,s3.us-east-1",Colorectal cancer,SRX8969081,GSM4731693,Illumina NovaSeq 6000,PAIRED,cDNA,TRANSCRIPTOMIC,Homo sapiens,ILLUMINA,2021-08-28T00:00:00Z,2020-08-19T09:43:00Z,1,GSM4731693,Tumor from colorectal cancer patient,SRP278056,Tumor
SRR12475123,RNA-Seq,300,5355004500,PRJNA658001,SAMN15855916,1603130292,GEO,public,"run.zq,fastq,sra","gs,ncbi,s3","s3.us-east-1,ncbi.public,gs.us-east1",Colorectal cancer,SRX8969082,GSM4731694,Illumina NovaSeq 6000,PAIRED,cDNA,TRANSCRIPTOMIC,Homo sapiens,ILLUMINA,2021-08-28T00:00:00Z,2020-08-19T09:33:00Z,1,GSM4731694,Tumor from colorectal cancer patient,SRP278056,Tumor
SRR12475124,RNA-Seq,300,1962101100,PRJNA658001,SAMN15855915,757853110,GEO,public,"fastq,sra,run.zq","s3,ncbi,gs","ncbi.public,s3.us-east-1,gs.us-east1",Colorectal cancer,SRX8969083,GSM4731695,Illumina NovaSeq 6000,PAIRED,cDNA,TRANSCRIPTOMIC,Homo sapiens,ILLUMINA,2021-08-28T00:00:00Z,2020-08-19T09:27:00Z,1,GSM4731695,Tumor from colorectal cancer patient,SRP278056,Tumor
SRR12475125,RNA-Seq,300,4902366300,PRJNA658001,SAMN15855914,1470501704,GEO,public,"fastq,run.zq,sra","ncbi,s3,gs","ncbi.public,gs.us-east1,s3.us-east-1",Colorectal cancer,SRX8969084,GSM4731696,Illumina NovaSeq 6000,PAIRED,cDNA,TRANSCRIPTOMIC,Homo sapiens,ILLUMINA,2021-08-28T00:00:00Z,2020-08-19T09:40:00Z,1,GSM4731696,Tumor from colorectal cancer patient,SRP278056,Tumor
SRR12475126,RNA-Seq,300,5740031100,PRJNA658001,SAMN15855913,1714824217,GEO,public,"sra,fastq,run.zq","gs,ncbi,s3","s3.us-east-1,ncbi.public,gs.us-east1",Colorectal cancer,SRX8969085,GSM4731697,Illumina NovaSeq 6000,PAIRED,cDNA,TRANSCRIPTOMIC,Homo sapiens,ILLUMINA,2021-08-28T00:00:00Z,2020-08-19T09:36:00Z,1,GSM4731697,Tumor from colorectal cancer patient,SRP278056,Tumor
SRR12475127,RNA-Seq,300,2072603100,PRJNA658001,SAMN15855911,643922188,GEO,public,"sra,fastq,run.zq","s3,ncbi,gs","s3.us-east-1,ncbi.public,gs.us-east1",Colorectal cancer,SRX8969110,GSM4731698,Illumina NovaSeq 6000,PAIRED,cDNA,TRANSCRIPTOMIC,Homo sapiens,ILLUMINA,2021-08-28T00:00:00Z,2020-08-19T09:27:00Z,1,GSM4731698,Tumor from colorectal cancer patient,SRP278056,Tumor
SRR12475128,RNA-Seq,300,6020101800,PRJNA658001,SAMN15855962,1788814624,GEO,public,"run.zq,fastq,sra","gs,s3,ncbi","ncbi.public,s3.us-east-1,gs.us-east1",Colorectal cancer,SRX8969111,GSM4731699,Illumina NovaSeq 6000,PAIRED,cDNA,TRANSCRIPTOMIC,Homo sapiens,ILLUMINA,2021-08-28T00:00:00Z,2020-08-19T09:32:00Z,1,GSM4731699,Tumor from colorectal cancer patient,SRP278056,Tumor
SRR12475129,RNA-Seq,300,10442832300,PRJNA658001,SAMN15855923,3110494671,GEO,public,"run.zq,sra,fastq","ncbi,s3,gs","ncbi.public,s3.us-east-1,gs.us-east1",Colorectal cancer,SRX8969112,GSM4731700,Illumina NovaSeq 6000,PAIRED,cDNA,TRANSCRIPTOMIC,Homo sapiens,ILLUMINA,2021-08-28T00:00:00Z,2020-08-19T09:45:00Z,1,GSM4731700,Tumor from colorectal cancer patient,SRP278056,Tumor
SRR12475130,RNA-Seq,300,6434344800,PRJNA658001,SAMN15855922,1921201148,GEO,public,"run.zq,sra,fastq","gs,s3,ncbi","ncbi.public,s3.us-east-1,gs.us-east1",Colorectal cancer,SRX8969113,GSM4731701,Illumina NovaSeq 6000,PAIRED,cDNA,TRANSCRIPTOMIC,Homo sapiens,ILLUMINA,2021-08-28T00:00:00Z,2020-08-19T09:42:00Z,1,GSM4731701,Tumor from colorectal cancer patient,SRP278056,Tumor
SRR12475131,RNA-Seq,300,8433801900,PRJNA658001,SAMN15855921,2543718549,GEO,public,"fastq,sra,run.zq","s3,gs,ncbi","s3.us-east-1,gs.us-east1,ncbi.public",Colorectal cancer,SRX8969114,GSM4731702,Illumina NovaSeq 6000,PAIRED,cDNA,TRANSCRIPTOMIC,Homo sapiens,ILLUMINA,2021-08-28T00:00:00Z,2020-08-19T09:49:00Z,1,GSM4731702,Tumor from colorectal cancer patient,SRP278056,Tumor
SRR12475132,RNA-Seq,300,9761281800,PRJNA658001,SAMN15855920,2927491477,GEO,public,"fastq,run.zq,sra","ncbi,gs,s3","s3.us-east-1,gs.us-east1,ncbi.public",Colorectal cancer,SRX8969115,GSM4731703,Illumina NovaSeq 6000,PAIRED,cDNA,TRANSCRIPTOMIC,Homo sapiens,ILLUMINA,2021-08-28T00:00:00Z,2020-08-19T09:45:00Z,1,GSM4731703,Tumor from colorectal cancer patient,SRP278056,Tumor
SRR12475133,RNA-Seq,300,9278988900,PRJNA658001,SAMN15855919,2772199321,GEO,public,"run.zq,sra,fastq","s3,ncbi,gs","gs.us-east1,s3.us-east-1,ncbi.public",Colorectal cancer,SRX8969116,GSM4731704,Illumina NovaSeq 6000,PAIRED,cDNA,TRANSCRIPTOMIC,Homo sapiens,ILLUMINA,2021-08-28T00:00:00Z,2020-08-19T09:46:00Z,1,GSM4731704,Tumor from colorectal cancer patient,SRP278056,Tumor
SRR12475134,RNA-Seq,300,8663187600,PRJNA658001,SAMN15855937,2608388292,GEO,public,"run.zq,fastq,sra","s3,gs,ncbi","ncbi.public,s3.us-east-1,gs.us-east1",Colorectal cancer,SRX8969117,GSM4731705,Illumina NovaSeq 6000,PAIRED,cDNA,TRANSCRIPTOMIC,Homo sapiens,ILLUMINA,2021-08-28T00:00:00Z,2020-08-19T09:44:00Z,1,GSM4731705,Tumor from colorectal cancer patient,SRP278056,Tumor
SRR12475135,RNA-Seq,300,8159457600,PRJNA658001,SAMN15855936,2450053512,GEO,public,"sra,fastq,run.zq","gs,ncbi,s3","ncbi.public,s3.us-east-1,gs.us-east1",Colorectal cancer,SRX8969118,GSM4731706,Illumina NovaSeq 6000,PAIRED,cDNA,TRANSCRIPTOMIC,Homo sapiens,ILLUMINA,2021-08-28T00:00:00Z,2020-08-19T09:38:00Z,1,GSM4731706,Tumor from colorectal cancer patient,SRP278056,Tumor
SRR12475136,RNA-Seq,300,8700624600,PRJNA658001,SAMN15855935,2624461386,GEO,public,"fastq,sra,run.zq","gs,s3,ncbi","s3.us-east-1,ncbi.public,gs.us-east1",Colorectal cancer,SRX8969119,GSM4731707,Illumina NovaSeq 6000,PAIRED,cDNA,TRANSCRIPTOMIC,Homo sapiens,ILLUMINA,2021-08-28T00:00:00Z,2020-08-19T09:43:00Z,1,GSM4731707,Tumor from colorectal cancer patient,SRP278056,Tumor
SRR12475137,RNA-Seq,300,8043384000,PRJNA658001,SAMN15855934,2422247183,GEO,public,"sra,run.zq,fastq","ncbi,s3,gs","ncbi.public,s3.us-east-1,gs.us-east1",Colorectal cancer,SRX8969120,GSM4731708,Illumina NovaSeq 6000,PAIRED,cDNA,TRANSCRIPTOMIC,Homo sapiens,ILLUMINA,2021-08-28T00:00:00Z,2020-08-19T09:36:00Z,1,GSM4731708,Tumor from colorectal cancer patient,SRP278056,Tumor
SRR12475138,RNA-Seq,300,9591648600,PRJNA658001,SAMN15855931,2855002568,GEO,public,"fastq,sra,run.zq","gs,s3,ncbi","gs.us-east1,s3.us-east-1,ncbi.public",Colorectal cancer,SRX8969121,GSM4731709,Illumina NovaSeq 6000,PAIRED,cDNA,TRANSCRIPTOMIC,Homo sapiens,ILLUMINA,2021-08-28T00:00:00Z,2020-08-19T09:43:00Z,1,GSM4731709,Tumor from colorectal cancer patient,SRP278056,Tumor
SRR12475139,RNA-Seq,300,6606270600,PRJNA658001,SAMN15855933,2010284165,GEO,public,"fastq,run.zq,sra","gs,ncbi,s3","s3.us-east-1,ncbi.public,gs.us-east1",Colorectal cancer,SRX8969122,GSM4731710,Illumina NovaSeq 6000,PAIRED,cDNA,TRANSCRIPTOMIC,Homo sapiens,ILLUMINA,2021-08-28T00:00:00Z,2020-08-19T09:52:00Z,1,GSM4731710,Tumor from colorectal cancer patient,SRP278056,Tumor
SRR12475140,RNA-Seq,300,6916423200,PRJNA658001,SAMN15855932,2097627657,GEO,public,"run.zq,sra,fastq","s3,ncbi,gs","s3.us-east-1,gs.us-east1,ncbi.public",Colorectal cancer,SRX8969123,GSM4731711,Illumina NovaSeq 6000,PAIRED,cDNA,TRANSCRIPTOMIC,Homo sapiens,ILLUMINA,2021-08-28T00:00:00Z,2020-08-19T09:42:00Z,1,GSM4731711,Tumor from colorectal cancer patient,SRP278056,Tumor
SRR12475141,RNA-Seq,300,3586491300,PRJNA658001,SAMN15855930,1099870795,GEO,public,"fastq,sra,run.zq","s3,gs,ncbi","s3.us-east-1,ncbi.public,gs.us-east1",Colorectal cancer,SRX8969124,GSM4731712,Illumina NovaSeq 6000,PAIRED,cDNA,TRANSCRIPTOMIC,Homo sapiens,ILLUMINA,2021-08-28T00:00:00Z,2020-08-19T09:31:00Z,1,GSM4731712,Tumor from colorectal cancer patient,SRP278056,Tumor
SRR12475142,RNA-Seq,300,2398530900,PRJNA658001,SAMN15855929,737339931,GEO,public,"fastq,sra,run.zq","s3,gs,ncbi","ncbi.public,gs.us-east1,s3.us-east-1",Colorectal cancer,SRX8969125,GSM4731713,Illumina NovaSeq 6000,PAIRED,cDNA,TRANSCRIPTOMIC,Homo sapiens,ILLUMINA,2021-08-28T00:00:00Z,2020-08-19T09:27:00Z,1,GSM4731713,Tumor from colorectal cancer patient,SRP278056,Tumor
SRR12475143,RNA-Seq,300,3897243600,PRJNA658001,SAMN15855928,1199897982,GEO,public,"sra,run.zq,fastq","gs,ncbi,s3","s3.us-east-1,ncbi.public,gs.us-east1",Colorectal cancer,SRX8969126,GSM4731714,Illumina NovaSeq 6000,PAIRED,cDNA,TRANSCRIPTOMIC,Homo sapiens,ILLUMINA,2021-08-28T00:00:00Z,2020-08-19T09:29:00Z,1,GSM4731714,Tumor from colorectal cancer patient,SRP278056,Tumor
SRR12475144,RNA-Seq,300,6675305700,PRJNA658001,SAMN15855927,1984758288,GEO,public,"fastq,run.zq,sra","ncbi,gs,s3","s3.us-east-1,ncbi.public,gs.us-east1",Colorectal cancer,SRX8969127,GSM4731715,Illumina NovaSeq 6000,PAIRED,cDNA,TRANSCRIPTOMIC,Homo sapiens,ILLUMINA,2021-08-28T00:00:00Z,2020-08-19T09:36:00Z,1,GSM4731715,Tumor from colorectal cancer patient,SRP278056,Tumor
SRR12475145,RNA-Seq,300,2515922400,PRJNA658001,SAMN15855926,783560006,GEO,public,"fastq,sra,run.zq","gs,s3,ncbi","s3.us-east-1,gs.us-east1,ncbi.public",Colorectal cancer,SRX8969128,GSM4731716,Illumina NovaSeq 6000,PAIRED,cDNA,TRANSCRIPTOMIC,Homo sapiens,ILLUMINA,2021-08-28T00:00:00Z,2020-08-19T09:28:00Z,1,GSM4731716,Tumor from colorectal cancer patient,SRP278056,Tumor
SRR12475146,RNA-Seq,300,2808310200,PRJNA658001,SAMN15855925,868743495,GEO,public,"fastq,sra,run.zq","s3,ncbi,gs","s3.us-east-1,gs.us-east1,ncbi.public",Colorectal cancer,SRX8969129,GSM4731717,Illumina NovaSeq 6000,PAIRED,cDNA,TRANSCRIPTOMIC,Homo sapiens,ILLUMINA,2021-08-28T00:00:00Z,2020-08-19T09:28:00Z,1,GSM4731717,Tumor from colorectal cancer patient,SRP278056,Tumor
SRR12475147,RNA-Seq,300,6693891900,PRJNA658001,SAMN15855924,2026181894,GEO,public,"run.zq,fastq,sra","gs,ncbi,s3","gs.us-east1,s3.us-east-1,ncbi.public",Colorectal cancer,SRX8969130,GSM4731718,Illumina NovaSeq 6000,PAIRED,cDNA,TRANSCRIPTOMIC,Homo sapiens,ILLUMINA,2021-08-28T00:00:00Z,2020-08-19T09:36:00Z,1,GSM4731718,Tumor from colorectal cancer patient,SRP278056,Tumor
SRR12475148,RNA-Seq,300,5289554700,PRJNA658001,SAMN15856068,1610619889,GEO,public,"fastq,run.zq,sra","gs,ncbi,s3","s3.us-east-1,ncbi.public,gs.us-east1",Colorectal cancer,SRX8969131,GSM4731719,Illumina NovaSeq 6000,PAIRED,cDNA,TRANSCRIPTOMIC,Homo sapiens,ILLUMINA,2021-08-28T00:00:00Z,2020-08-19T09:44:00Z,1,GSM4731719,Tumor from colorectal cancer patient,SRP278056,Tumor
SRR12475149,RNA-Seq,300,8201599200,PRJNA658001,SAMN15856067,2472800109,GEO,public,"run.zq,fastq,sra","s3,gs,ncbi","gs.us-east1,s3.us-east-1,ncbi.public",Colorectal cancer,SRX8969132,GSM4731720,Illumina NovaSeq 6000,PAIRED,cDNA,TRANSCRIPTOMIC,Homo sapiens,ILLUMINA,2021-08-28T00:00:00Z,2020-08-19T09:42:00Z,1,GSM4731720,Tumor from colorectal cancer patient,SRP278056,Tumor
SRR12475150,RNA-Seq,300,7005406500,PRJNA658001,SAMN15856066,2091719710,GEO,public,"run.zq,fastq,sra","s3,gs,ncbi","ncbi.public,gs.us-east1,s3.us-east-1",Colorectal cancer,SRX8969133,GSM4731721,Illumina NovaSeq 6000,PAIRED,cDNA,TRANSCRIPTOMIC,Homo sapiens,ILLUMINA,2021-08-28T00:00:00Z,2020-08-19T09:40:00Z,1,GSM4731721,Tumor from colorectal cancer patient,SRP278056,Tumor
SRR12475151,RNA-Seq,300,4522776000,PRJNA658001,SAMN15856065,1657052769,GEO,public,"sra,fastq,run.zq","gs,ncbi,s3","ncbi.public,gs.us-east1,s3.us-east-1",Colorectal cancer,SRX8969134,GSM4731722,Illumina NovaSeq 6000,PAIRED,cDNA,TRANSCRIPTOMIC,Homo sapiens,ILLUMINA,2021-08-28T00:00:00Z,2020-08-19T09:43:00Z,1,GSM4731722,Tumor from colorectal cancer patient,SRP278056,Tumor
SRR12475152,RNA-Seq,300,3954726900,PRJNA658001,SAMN15856064,1455759698,GEO,public,"sra,run.zq,fastq","s3,gs,ncbi","s3.us-east-1,ncbi.public,gs.us-east1",Colorectal cancer,SRX8969135,GSM4731723,Illumina NovaSeq 6000,PAIRED,cDNA,TRANSCRIPTOMIC,Homo sapiens,ILLUMINA,2021-08-28T00:00:00Z,2020-08-19T09:35:00Z,1,GSM4731723,Tumor from colorectal cancer patient,SRP278056,Tumor
SRR12475153,RNA-Seq,300,2292757200,PRJNA658001,SAMN15856063,898506621,GEO,public,"fastq,sra,run.zq","s3,gs,ncbi","s3.us-east-1,gs.us-east1,ncbi.public",Colorectal cancer,SRX8969136,GSM4731724,Illumina NovaSeq 6000,PAIRED,cDNA,TRANSCRIPTOMIC,Homo sapiens,ILLUMINA,2021-08-28T00:00:00Z,2020-08-19T09:28:00Z,1,GSM4731724,Tumor from colorectal cancer patient,SRP278056,Tumor
SRR12475154,RNA-Seq,300,3971572500,PRJNA658001,SAMN15856062,1517959554,GEO,public,"sra,run.zq,fastq","gs,s3,ncbi","ncbi.public,gs.us-east1,s3.us-east-1",Colorectal cancer,SRX8969137,GSM4731725,Illumina NovaSeq 6000,PAIRED,cDNA,TRANSCRIPTOMIC,Homo sapiens,ILLUMINA,2021-08-28T00:00:00Z,2020-08-19T09:30:00Z,1,GSM4731725,Tumor from colorectal cancer patient,SRP278056,Tumor
SRR12475155,RNA-Seq,300,1557826500,PRJNA658001,SAMN15856061,645583214,GEO,public,"fastq,sra,run.zq","s3,gs,ncbi","ncbi.public,gs.us-east1,s3.us-east-1",Colorectal cancer,SRX8969138,GSM4731726,Illumina NovaSeq 6000,PAIRED,cDNA,TRANSCRIPTOMIC,Homo sapiens,ILLUMINA,2021-08-28T00:00:00Z,2020-08-19T09:26:00Z,1,GSM4731726,Tumor from colorectal cancer patient,SRP278056,Tumor
SRR12475156,RNA-Seq,300,2519325000,PRJNA658001,SAMN15856060,984481104,GEO,public,"run.zq,fastq,sra","ncbi,s3,gs","ncbi.public,gs.us-east1,s3.us-east-1",Colorectal cancer,SRX8969139,GSM4731727,Illumina NovaSeq 6000,PAIRED,cDNA,TRANSCRIPTOMIC,Homo sapiens,ILLUMINA,2021-08-28T00:00:00Z,2020-08-19T09:28:00Z,1,GSM4731727,Tumor from colorectal cancer patient,SRP278056,Tumor
SRR12475157,RNA-Seq,300,1570285800,PRJNA658001,SAMN15856059,645874344,GEO,public,"run.zq,fastq,sra","gs,s3,ncbi","gs.us-east1,ncbi.public,s3.us-east-1",Colorectal cancer,SRX8969140,GSM4731728,Illumina NovaSeq 6000,PAIRED,cDNA,TRANSCRIPTOMIC,Homo sapiens,ILLUMINA,2021-08-28T00:00:00Z,2020-08-19T09:27:00Z,1,GSM4731728,Tumor from colorectal cancer patient,SRP278056,Tumor
SRR12475158,RNA-Seq,300,4170565200,PRJNA658001,SAMN15856058,1598712533,GEO,public,"run.zq,fastq,sra","gs,ncbi,s3","s3.us-east-1,gs.us-east1,ncbi.public",Colorectal cancer,SRX8969141,GSM4731729,Illumina NovaSeq 6000,PAIRED,cDNA,TRANSCRIPTOMIC,Homo sapiens,ILLUMINA,2021-08-28T00:00:00Z,2020-08-19T09:32:00Z,1,GSM4731729,Tumor from colorectal cancer patient,SRP278056,Tumor
SRR12475159,RNA-Seq,300,5746695300,PRJNA658001,SAMN15856057,2106759724,GEO,public,"run.zq,fastq,sra","gs,ncbi,s3","ncbi.public,gs.us-east1,s3.us-east-1",Colorectal cancer,SRX8969142,GSM4731730,Illumina NovaSeq 6000,PAIRED,cDNA,TRANSCRIPTOMIC,Homo sapiens,ILLUMINA,2021-08-28T00:00:00Z,2020-08-19T09:37:00Z,1,GSM4731730,Tumor from colorectal cancer patient,SRP278056,Tumor
SRR12475160,RNA-Seq,300,5393570700,PRJNA658001,SAMN15856056,2013122615,GEO,public,"sra,run.zq,fastq","s3,ncbi,gs","ncbi.public,gs.us-east1,s3.us-east-1",Colorectal cancer,SRX8969143,GSM4731731,Illumina NovaSeq 6000,PAIRED,cDNA,TRANSCRIPTOMIC,Homo sapiens,ILLUMINA,2021-08-28T00:00:00Z,2020-08-19T09:45:00Z,1,GSM4731731,Tumor from colorectal cancer patient,SRP278056,Tumor
SRR12475161,RNA-Seq,300,6745688100,PRJNA658001,SAMN15856055,2453272500,GEO,public,"sra,run.zq,fastq","s3,gs,ncbi","ncbi.public,gs.us-east1,s3.us-east-1",Colorectal cancer,SRX8969144,GSM4731732,Illumina NovaSeq 6000,PAIRED,cDNA,TRANSCRIPTOMIC,Homo sapiens,ILLUMINA,2021-08-28T00:00:00Z,2020-08-19T09:41:00Z,1,GSM4731732,Tumor from colorectal cancer patient,SRP278056,Tumor
SRR12475162,RNA-Seq,300,5562120600,PRJNA658001,SAMN15856054,2021497783,GEO,public,"run.zq,fastq,sra","ncbi,s3,gs","s3.us-east-1,ncbi.public,gs.us-east1",Colorectal cancer,SRX8969145,GSM4731733,Illumina NovaSeq 6000,PAIRED,cDNA,TRANSCRIPTOMIC,Homo sapiens,ILLUMINA,2021-08-28T00:00:00Z,2020-08-19T09:42:00Z,1,GSM4731733,Tumor from colorectal cancer patient,SRP278056,Tumor
SRR12475163,RNA-Seq,300,5365716600,PRJNA658001,SAMN15856053,2028911362,GEO,public,"fastq,run.zq,sra","s3,gs,ncbi","gs.us-east1,ncbi.public,s3.us-east-1",Colorectal cancer,SRX8969146,GSM4731734,Illumina NovaSeq 6000,PAIRED,cDNA,TRANSCRIPTOMIC,Homo sapiens,ILLUMINA,2021-08-28T00:00:00Z,2020-08-19T09:40:00Z,1,GSM4731734,Tumor from colorectal cancer patient,SRP278056,Tumor
SRR12475164,RNA-Seq,300,4562466600,PRJNA658001,SAMN15856052,1742569729,GEO,public,"fastq,run.zq,sra","s3,gs,ncbi","gs.us-east1,ncbi.public,s3.us-east-1",Colorectal cancer,SRX8969147,GSM4731735,Illumina NovaSeq 6000,PAIRED,cDNA,TRANSCRIPTOMIC,Homo sapiens,ILLUMINA,2021-08-28T00:00:00Z,2020-08-19T09:44:00Z,1,GSM4731735,Tumor from colorectal cancer patient,SRP278056,Tumor
SRR12475165,RNA-Seq,300,8268678600,PRJNA658001,SAMN15856051,3106566745,GEO,public,"run.zq,sra,fastq","gs,ncbi,s3","s3.us-east-1,ncbi.public,gs.us-east1",Colorectal cancer,SRX8969148,GSM4731736,Illumina NovaSeq 6000,PAIRED,cDNA,TRANSCRIPTOMIC,Homo sapiens,ILLUMINA,2021-08-28T00:00:00Z,2020-08-19T09:43:00Z,1,GSM4731736,Tumor from colorectal cancer patient,SRP278056,Tumor
SRR12475166,RNA-Seq,300,7317051600,PRJNA658001,SAMN15856050,2720073654,GEO,public,"sra,fastq,run.zq","s3,ncbi,gs","s3.us-east-1,gs.us-east1,ncbi.public",Colorectal cancer,SRX8969149,GSM4731737,Illumina NovaSeq 6000,PAIRED,cDNA,TRANSCRIPTOMIC,Homo sapiens,ILLUMINA,2021-08-28T00:00:00Z,2020-08-19T09:45:00Z,1,GSM4731737,Tumor from colorectal cancer patient,SRP278056,Tumor
SRR12475167,RNA-Seq,300,6632076000,PRJNA658001,SAMN15856049,2463732148,GEO,public,"sra,fastq,run.zq","ncbi,gs,s3","s3.us-east-1,ncbi.public,gs.us-east1",Colorectal cancer,SRX8969150,GSM4731738,Illumina NovaSeq 6000,PAIRED,cDNA,TRANSCRIPTOMIC,Homo sapiens,ILLUMINA,2021-08-28T00:00:00Z,2020-08-19T09:41:00Z,1,GSM4731738,Tumor from colorectal cancer patient,SRP278056,Tumor
SRR12475168,RNA-Seq,300,5742484500,PRJNA658001,SAMN15856048,2125516443,GEO,public,"run.zq,sra,fastq","gs,s3,ncbi","ncbi.public,gs.us-east1,s3.us-east-1",Colorectal cancer,SRX8969151,GSM4731739,Illumina NovaSeq 6000,PAIRED,cDNA,TRANSCRIPTOMIC,Homo sapiens,ILLUMINA,2021-08-28T00:00:00Z,2020-08-19T09:46:00Z,1,GSM4731739,Tumor from colorectal cancer patient,SRP278056,Tumor
SRR12475169,RNA-Seq,300,5257841400,PRJNA658001,SAMN15856047,1951388895,GEO,public,"sra,fastq,run.zq","ncbi,gs,s3","s3.us-east-1,gs.us-east1,ncbi.public",Colorectal cancer,SRX8969152,GSM4731740,Illumina NovaSeq 6000,PAIRED,cDNA,TRANSCRIPTOMIC,Homo sapiens,ILLUMINA,2021-08-28T00:00:00Z,2020-08-19T09:41:00Z,1,GSM4731740,Tumor from colorectal cancer patient,SRP278056,Tumor
SRR12475170,RNA-Seq,300,6094662900,PRJNA658001,SAMN15856046,2266305512,GEO,public,"fastq,run.zq,sra","s3,gs,ncbi","s3.us-east-1,gs.us-east1,ncbi.public",Colorectal cancer,SRX8969153,GSM4731741,Illumina NovaSeq 6000,PAIRED,cDNA,TRANSCRIPTOMIC,Homo sapiens,ILLUMINA,2021-08-28T00:00:00Z,2020-08-19T09:39:00Z,1,GSM4731741,Tumor from colorectal cancer patient,SRP278056,Tumor
SRR12475171,RNA-Seq,300,5302756800,PRJNA658001,SAMN15856045,1967600555,GEO,public,"fastq,sra,run.zq","gs,ncbi,s3","ncbi.public,s3.us-east-1,gs.us-east1",Colorectal cancer,SRX8969154,GSM4731742,Illumina NovaSeq 6000,PAIRED,cDNA,TRANSCRIPTOMIC,Homo sapiens,ILLUMINA,2021-08-28T00:00:00Z,2020-08-19T09:35:00Z,1,GSM4731742,Tumor from colorectal cancer patient,SRP278056,Tumor
SRR12475172,RNA-Seq,300,3097005900,PRJNA658001,SAMN15856044,1212589958,GEO,public,"fastq,run.zq,sra","gs,ncbi,s3","s3.us-east-1,gs.us-east1,ncbi.public",Colorectal cancer,SRX8969155,GSM4731743,Illumina NovaSeq 6000,PAIRED,cDNA,TRANSCRIPTOMIC,Homo sapiens,ILLUMINA,2021-08-28T00:00:00Z,2020-08-19T09:31:00Z,1,GSM4731743,Tumor from colorectal cancer patient,SRP278056,Tumor
SRR12475173,RNA-Seq,300,5070030300,PRJNA658001,SAMN15856043,1887395972,GEO,public,"run.zq,sra,fastq","ncbi,s3,gs","gs.us-east1,s3.us-east-1,ncbi.public",Colorectal cancer,SRX8969156,GSM4731744,Illumina NovaSeq 6000,PAIRED,cDNA,TRANSCRIPTOMIC,Homo sapiens,ILLUMINA,2021-08-28T00:00:00Z,2020-08-19T09:35:00Z,1,GSM4731744,Tumor from colorectal cancer patient,SRP278056,Tumor
SRR12475174,RNA-Seq,300,4835494200,PRJNA658001,SAMN15856041,1833187888,GEO,public,"fastq,sra,run.zq","s3,ncbi,gs","gs.us-east1,ncbi.public,s3.us-east-1",Colorectal cancer,SRX8969157,GSM4731745,Illumina NovaSeq 6000,PAIRED,cDNA,TRANSCRIPTOMIC,Homo sapiens,ILLUMINA,2021-08-28T00:00:00Z,2020-08-19T09:42:00Z,1,GSM4731745,Tumor from colorectal cancer patient,SRP278056,Tumor
SRR12475175,RNA-Seq,300,5222712600,PRJNA658001,SAMN15856040,1571645890,GEO,public,"sra,fastq,run.zq","gs,s3,ncbi","ncbi.public,s3.us-east-1,gs.us-east1",Colorectal cancer,SRX8969158,GSM4731746,Illumina NovaSeq 6000,PAIRED,cDNA,TRANSCRIPTOMIC,Homo sapiens,ILLUMINA,2021-08-28T00:00:00Z,2020-08-19T09:32:00Z,1,GSM4731746,Native tissue from colorectal cancer patient,SRP278056,Native tissue
SRR12475176,RNA-Seq,300,5458623600,PRJNA658001,SAMN15856070,1657630493,GEO,public,"fastq,sra,run.zq","ncbi,s3,gs","s3.us-east-1,ncbi.public,gs.us-east1",Colorectal cancer,SRX8969159,GSM4731747,Illumina NovaSeq 6000,PAIRED,cDNA,TRANSCRIPTOMIC,Homo sapiens,ILLUMINA,2021-08-28T00:00:00Z,2020-08-19T09:32:00Z,1,GSM4731747,Native tissue from colorectal cancer patient,SRP278056,Native tissue
SRR12475177,RNA-Seq,300,5679480000,PRJNA658001,SAMN15856069,1695502680,GEO,public,"fastq,run.zq,sra","gs,s3,ncbi","s3.us-east-1,ncbi.public,gs.us-east1",Colorectal cancer,SRX8969160,GSM4731748,Illumina NovaSeq 6000,PAIRED,cDNA,TRANSCRIPTOMIC,Homo sapiens,ILLUMINA,2021-08-28T00:00:00Z,2020-08-19T09:37:00Z,1,GSM4731748,Native tissue from colorectal cancer patient,SRP278056,Native tissue
SRR12475178,RNA-Seq,300,5650797600,PRJNA658001,SAMN15855961,1699320302,GEO,public,"run.zq,fastq,sra","gs,ncbi,s3","ncbi.public,gs.us-east1,s3.us-east-1",Colorectal cancer,SRX8969161,GSM4731749,Illumina NovaSeq 6000,PAIRED,cDNA,TRANSCRIPTOMIC,Homo sapiens,ILLUMINA,2021-08-28T00:00:00Z,2020-08-19T09:32:00Z,1,GSM4731749,Native tissue from colorectal cancer patient,SRP278056,Native tissue
SRR12475179,RNA-Seq,300,6334452900,PRJNA658001,SAMN15855960,1899752529,GEO,public,"sra,fastq,run.zq","gs,s3,ncbi","ncbi.public,gs.us-east1,s3.us-east-1",Colorectal cancer,SRX8969162,GSM4731750,Illumina NovaSeq 6000,PAIRED,cDNA,TRANSCRIPTOMIC,Homo sapiens,ILLUMINA,2021-08-28T00:00:00Z,2020-08-19T09:32:00Z,1,GSM4731750,Native tissue from colorectal cancer patient,SRP278056,Native tissue
SRR12475180,RNA-Seq,300,5214095400,PRJNA658001,SAMN15855959,1574817965,GEO,public,"fastq,sra,run.zq","gs,ncbi,s3","ncbi.public,s3.us-east-1,gs.us-east1",Colorectal cancer,SRX8969163,GSM4731751,Illumina NovaSeq 6000,PAIRED,cDNA,TRANSCRIPTOMIC,Homo sapiens,ILLUMINA,2021-08-28T00:00:00Z,2020-08-19T09:32:00Z,1,GSM4731751,Native tissue from colorectal cancer patient,SRP278056,Native tissue
SRR12475181,RNA-Seq,300,7198501800,PRJNA658001,SAMN15855958,2151774883,GEO,public,"sra,fastq,run.zq","ncbi,s3,gs","gs.us-east1,s3.us-east-1,ncbi.public",Colorectal cancer,SRX8969164,GSM4731752,Illumina NovaSeq 6000,PAIRED,cDNA,TRANSCRIPTOMIC,Homo sapiens,ILLUMINA,2021-08-28T00:00:00Z,2020-08-19T09:37:00Z,1,GSM4731752,Native tissue from colorectal cancer patient,SRP278056,Native tissue
SRR12475182,RNA-Seq,300,5766050100,PRJNA658001,SAMN15855957,1738977066,GEO,public,"fastq,run.zq,sra","ncbi,gs,s3","gs.us-east1,ncbi.public,s3.us-east-1",Colorectal cancer,SRX8969165,GSM4731753,Illumina NovaSeq 6000,PAIRED,cDNA,TRANSCRIPTOMIC,Homo sapiens,ILLUMINA,2021-08-28T00:00:00Z,2020-08-19T09:36:00Z,1,GSM4731753,Native tissue from colorectal cancer patient,SRP278056,Native tissue
SRR12475183,RNA-Seq,300,4985619300,PRJNA658001,SAMN15855956,1518117062,GEO,public,"run.zq,fastq,sra","gs,s3,ncbi","gs.us-east1,ncbi.public,s3.us-east-1",Colorectal cancer,SRX8969166,GSM4731754,Illumina NovaSeq 6000,PAIRED,cDNA,TRANSCRIPTOMIC,Homo sapiens,ILLUMINA,2021-08-28T00:00:00Z,2020-08-19T09:39:00Z,1,GSM4731754,Native tissue from colorectal cancer patient,SRP278056,Native tissue
SRR12475184,RNA-Seq,300,9661819200,PRJNA658001,SAMN15855955,2872121629,GEO,public,"run.zq,sra,fastq","s3,gs,ncbi","s3.us-east-1,gs.us-east1,ncbi.public",Colorectal cancer,SRX8969167,GSM4731755,Illumina NovaSeq 6000,PAIRED,cDNA,TRANSCRIPTOMIC,Homo sapiens,ILLUMINA,2021-08-28T00:00:00Z,2020-08-19T09:41:00Z,1,GSM4731755,Native tissue from colorectal cancer patient,SRP278056,Native tissue
SRR12475185,RNA-Seq,300,9221836200,PRJNA658001,SAMN15855954,2736916018,GEO,public,"run.zq,fastq,sra","ncbi,s3,gs","ncbi.public,s3.us-east-1,gs.us-east1",Colorectal cancer,SRX8969168,GSM4731756,Illumina NovaSeq 6000,PAIRED,cDNA,TRANSCRIPTOMIC,Homo sapiens,ILLUMINA,2021-08-28T00:00:00Z,2020-08-19T09:40:00Z,1,GSM4731756,Native tissue from colorectal cancer patient,SRP278056,Native tissue
SRR12475186,RNA-Seq,300,8520718500,PRJNA658001,SAMN15855953,2530226901,GEO,public,"fastq,sra,run.zq","ncbi,gs,s3","s3.us-east-1,ncbi.public,gs.us-east1",Colorectal cancer,SRX8969169,GSM4731757,Illumina NovaSeq 6000,PAIRED,cDNA,TRANSCRIPTOMIC,Homo sapiens,ILLUMINA,2021-08-28T00:00:00Z,2020-08-19T09:37:00Z,1,GSM4731757,Native tissue from colorectal cancer patient,SRP278056,Native tissue
SRR12475187,RNA-Seq,300,7753125600,PRJNA658001,SAMN15855952,2325661398,GEO,public,"sra,run.zq,fastq","ncbi,gs,s3","ncbi.public,s3.us-east-1,gs.us-east1",Colorectal cancer,SRX8969170,GSM4731758,Illumina NovaSeq 6000,PAIRED,cDNA,TRANSCRIPTOMIC,Homo sapiens,ILLUMINA,2021-08-28T00:00:00Z,2020-08-19T09:35:00Z,1,GSM4731758,Native tissue from colorectal cancer patient,SRP278056,Native tissue
SRR12475188,RNA-Seq,300,8526015900,PRJNA658001,SAMN15855951,2541593924,GEO,public,"fastq,sra,run.zq","gs,ncbi,s3","ncbi.public,s3.us-east-1,gs.us-east1",Colorectal cancer,SRX8969171,GSM4731759,Illumina NovaSeq 6000,PAIRED,cDNA,TRANSCRIPTOMIC,Homo sapiens,ILLUMINA,2021-08-28T00:00:00Z,2020-08-19T09:41:00Z,1,GSM4731759,Native tissue from colorectal cancer patient,SRP278056,Native tissue
SRR12475189,RNA-Seq,300,5612574300,PRJNA658001,SAMN15855950,1688246380,GEO,public,"fastq,sra,run.zq","gs,s3,ncbi","ncbi.public,s3.us-east-1,gs.us-east1",Colorectal cancer,SRX8969172,GSM4731760,Illumina NovaSeq 6000,PAIRED,cDNA,TRANSCRIPTOMIC,Homo sapiens,ILLUMINA,2021-08-28T00:00:00Z,2020-08-19T09:37:00Z,1,GSM4731760,Native tissue from colorectal cancer patient,SRP278056,Native tissue
SRR12475190,RNA-Seq,300,5912368500,PRJNA658001,SAMN15855949,1765899710,GEO,public,"run.zq,fastq,sra","s3,ncbi,gs","s3.us-east-1,ncbi.public,gs.us-east1",Colorectal cancer,SRX8969173,GSM4731761,Illumina NovaSeq 6000,PAIRED,cDNA,TRANSCRIPTOMIC,Homo sapiens,ILLUMINA,2021-08-28T00:00:00Z,2020-08-19T09:33:00Z,1,GSM4731761,Native tissue from colorectal cancer patient,SRP278056,Native tissue
SRR12475191,RNA-Seq,300,5149657800,PRJNA658001,SAMN15855948,1541134003,GEO,public,"fastq,sra,run.zq","gs,s3,ncbi","s3.us-east-1,gs.us-east1,ncbi.public",Colorectal cancer,SRX8969174,GSM4731762,Illumina NovaSeq 6000,PAIRED,cDNA,TRANSCRIPTOMIC,Homo sapiens,ILLUMINA,2021-08-28T00:00:00Z,2020-08-19T09:31:00Z,1,GSM4731762,Native tissue from colorectal cancer patient,SRP278056,Native tissue
SRR12475192,RNA-Seq,300,3639859800,PRJNA658001,SAMN15855947,1094864344,GEO,public,"run.zq,sra,fastq","ncbi,gs,s3","gs.us-east1,s3.us-east-1,ncbi.public",Colorectal cancer,SRX8969175,GSM4731763,Illumina NovaSeq 6000,PAIRED,cDNA,TRANSCRIPTOMIC,Homo sapiens,ILLUMINA,2021-08-28T00:00:00Z,2020-08-19T09:29:00Z,1,GSM4731763,Native tissue from colorectal cancer patient,SRP278056,Native tissue
SRR12475193,RNA-Seq,300,5750432100,PRJNA658001,SAMN15855946,1716300866,GEO,public,"run.zq,fastq,sra","gs,s3,ncbi","gs.us-east1,s3.us-east-1,ncbi.public",Colorectal cancer,SRX8969176,GSM4731764,Illumina NovaSeq 6000,PAIRED,cDNA,TRANSCRIPTOMIC,Homo sapiens,ILLUMINA,2021-08-28T00:00:00Z,2020-08-19T09:33:00Z,1,GSM4731764,Native tissue from colorectal cancer patient,SRP278056,Native tissue
SRR12475194,RNA-Seq,300,4228015500,PRJNA658001,SAMN15855945,1264364664,GEO,public,"fastq,run.zq,sra","ncbi,gs,s3","s3.us-east-1,ncbi.public,gs.us-east1",Colorectal cancer,SRX8969177,GSM4731765,Illumina NovaSeq 6000,PAIRED,cDNA,TRANSCRIPTOMIC,Homo sapiens,ILLUMINA,2021-08-28T00:00:00Z,2020-08-19T09:31:00Z,1,GSM4731765,Native tissue from colorectal cancer patient,SRP278056,Native tissue
SRR12475195,RNA-Seq,300,5405363100,PRJNA658001,SAMN15855944,1622076984,GEO,public,"fastq,run.zq,sra","s3,ncbi,gs","ncbi.public,gs.us-east1,s3.us-east-1",Colorectal cancer,SRX8969178,GSM4731766,Illumina NovaSeq 6000,PAIRED,cDNA,TRANSCRIPTOMIC,Homo sapiens,ILLUMINA,2021-08-28T00:00:00Z,2020-08-19T09:32:00Z,1,GSM4731766,Native tissue from colorectal cancer patient,SRP278056,Native tissue
SRR12475196,RNA-Seq,300,6658866000,PRJNA658001,SAMN15855943,1973974811,GEO,public,"run.zq,sra,fastq","s3,gs,ncbi","s3.us-east-1,ncbi.public,gs.us-east1",Colorectal cancer,SRX8969179,GSM4731767,Illumina NovaSeq 6000,PAIRED,cDNA,TRANSCRIPTOMIC,Homo sapiens,ILLUMINA,2021-08-28T00:00:00Z,2020-08-19T09:39:00Z,1,GSM4731767,Native tissue from colorectal cancer patient,SRP278056,Native tissue
SRR12475197,RNA-Seq,300,6869626200,PRJNA658001,SAMN15855942,2047583932,GEO,public,"fastq,run.zq,sra","ncbi,gs,s3","gs.us-east1,s3.us-east-1,ncbi.public",Colorectal cancer,SRX8969180,GSM4731768,Illumina NovaSeq 6000,PAIRED,cDNA,TRANSCRIPTOMIC,Homo sapiens,ILLUMINA,2021-08-28T00:00:00Z,2020-08-19T09:43:00Z,1,GSM4731768,Native tissue from colorectal cancer patient,SRP278056,Native tissue
SRR12475198,RNA-Seq,300,4646213400,PRJNA658001,SAMN15855939,1401924247,GEO,public,"run.zq,sra,fastq","gs,ncbi,s3","gs.us-east1,ncbi.public,s3.us-east-1",Colorectal cancer,SRX8969181,GSM4731769,Illumina NovaSeq 6000,PAIRED,cDNA,TRANSCRIPTOMIC,Homo sapiens,ILLUMINA,2021-08-28T00:00:00Z,2020-08-19T09:37:00Z,1,GSM4731769,Native tissue from colorectal cancer patient,SRP278056,Native tissue
SRR12475199,RNA-Seq,300,5000893200,PRJNA658001,SAMN15855941,1489739582,GEO,public,"sra,run.zq,fastq","ncbi,s3,gs","gs.us-east1,ncbi.public,s3.us-east-1",Colorectal cancer,SRX8969182,GSM4731770,Illumina NovaSeq 6000,PAIRED,cDNA,TRANSCRIPTOMIC,Homo sapiens,ILLUMINA,2021-08-28T00:00:00Z,2020-08-19T09:31:00Z,1,GSM4731770,Native tissue from colorectal cancer patient,SRP278056,Native tissue
SRR12475200,RNA-Seq,300,6617418600,PRJNA658001,SAMN15855940,1958110206,GEO,public,"fastq,run.zq,sra","ncbi,gs,s3","ncbi.public,s3.us-east-1,gs.us-east1",Colorectal cancer,SRX8969183,GSM4731771,Illumina NovaSeq 6000,PAIRED,cDNA,TRANSCRIPTOMIC,Homo sapiens,ILLUMINA,2021-08-28T00:00:00Z,2020-08-19T09:35:00Z,1,GSM4731771,Native tissue from colorectal cancer patient,SRP278056,Native tissue
SRR12475201,RNA-Seq,300,9853815000,PRJNA658001,SAMN15855938,2903042655,GEO,public,"fastq,sra,run.zq","s3,ncbi,gs","gs.us-east1,ncbi.public,s3.us-east-1",Colorectal cancer,SRX8969184,GSM4731772,Illumina NovaSeq 6000,PAIRED,cDNA,TRANSCRIPTOMIC,Homo sapiens,ILLUMINA,2021-08-28T00:00:00Z,2020-08-19T09:38:00Z,1,GSM4731772,Native tissue from colorectal cancer patient,SRP278056,Native tissue
SRR12475202,RNA-Seq,300,4626015000,PRJNA658001,SAMN15855987,1378796222,GEO,public,"run.zq,fastq,sra","gs,ncbi,s3","ncbi.public,gs.us-east1,s3.us-east-1",Colorectal cancer,SRX8969185,GSM4731773,Illumina NovaSeq 6000,PAIRED,cDNA,TRANSCRIPTOMIC,Homo sapiens,ILLUMINA,2021-08-28T00:00:00Z,2020-08-19T09:31:00Z,1,GSM4731773,Native tissue from colorectal cancer patient,SRP278056,Native tissue
SRR12475203,RNA-Seq,300,6383811600,PRJNA658001,SAMN15855985,1897660233,GEO,public,"sra,run.zq,fastq","ncbi,gs,s3","s3.us-east-1,gs.us-east1,ncbi.public",Colorectal cancer,SRX8969186,GSM4731774,Illumina NovaSeq 6000,PAIRED,cDNA,TRANSCRIPTOMIC,Homo sapiens,ILLUMINA,2021-08-28T00:00:00Z,2020-08-19T09:40:00Z,1,GSM4731774,Native tissue from colorectal cancer patient,SRP278056,Native tissue
SRR12475204,RNA-Seq,300,4344170100,PRJNA658001,SAMN15855984,1310111995,GEO,public,"sra,fastq,run.zq","s3,ncbi,gs","s3.us-east-1,gs.us-east1,ncbi.public",Colorectal cancer,SRX8969187,GSM4731775,Illumina NovaSeq 6000,PAIRED,cDNA,TRANSCRIPTOMIC,Homo sapiens,ILLUMINA,2021-08-28T00:00:00Z,2020-08-19T09:31:00Z,1,GSM4731775,Native tissue from colorectal cancer patient,SRP278056,Native tissue
SRR12475205,RNA-Seq,300,4892403600,PRJNA658001,SAMN15855983,1466607267,GEO,public,"sra,run.zq,fastq","ncbi,gs,s3","gs.us-east1,ncbi.public,s3.us-east-1",Colorectal cancer,SRX8969188,GSM4731776,Illumina NovaSeq 6000,PAIRED,cDNA,TRANSCRIPTOMIC,Homo sapiens,ILLUMINA,2021-08-28T00:00:00Z,2020-08-19T09:45:00Z,1,GSM4731776,Native tissue from colorectal cancer patient,SRP278056,Native tissue
SRR12475206,RNA-Seq,300,6630982500,PRJNA658001,SAMN15855982,1972546559,GEO,public,"fastq,run.zq,sra","s3,gs,ncbi","gs.us-east1,s3.us-east-1,ncbi.public",Colorectal cancer,SRX8969189,GSM4731777,Illumina NovaSeq 6000,PAIRED,cDNA,TRANSCRIPTOMIC,Homo sapiens,ILLUMINA,2021-08-28T00:00:00Z,2020-08-19T09:37:00Z,1,GSM4731777,Native tissue from colorectal cancer patient,SRP278056,Native tissue
SRR12475207,RNA-Seq,300,5510216400,PRJNA658001,SAMN15855981,1657548141,GEO,public,"run.zq,sra,fastq","gs,ncbi,s3","ncbi.public,s3.us-east-1,gs.us-east1",Colorectal cancer,SRX8969190,GSM4731778,Illumina NovaSeq 6000,PAIRED,cDNA,TRANSCRIPTOMIC,Homo sapiens,ILLUMINA,2021-08-28T00:00:00Z,2020-08-19T09:32:00Z,1,GSM4731778,Native tissue from colorectal cancer patient,SRP278056,Native tissue
SRR12475208,RNA-Seq,300,5993547000,PRJNA658001,SAMN15855980,1795518499,GEO,public,"run.zq,fastq,sra","ncbi,gs,s3","gs.us-east1,ncbi.public,s3.us-east-1",Colorectal cancer,SRX8969191,GSM4731779,Illumina NovaSeq 6000,PAIRED,cDNA,TRANSCRIPTOMIC,Homo sapiens,ILLUMINA,2021-08-28T00:00:00Z,2020-08-19T09:35:00Z,1,GSM4731779,Native tissue from colorectal cancer patient,SRP278056,Native tissue
SRR12475209,RNA-Seq,300,5512956600,PRJNA658001,SAMN15855979,1654023681,GEO,public,"sra,run.zq,fastq","s3,ncbi,gs","ncbi.public,gs.us-east1,s3.us-east-1",Colorectal cancer,SRX8969192,GSM4731780,Illumina NovaSeq 6000,PAIRED,cDNA,TRANSCRIPTOMIC,Homo sapiens,ILLUMINA,2021-08-28T00:00:00Z,2020-08-19T09:34:00Z,1,GSM4731780,Native tissue from colorectal cancer patient,SRP278056,Native tissue
SRR12475210,RNA-Seq,300,4709529900,PRJNA658001,SAMN15855978,1413035870,GEO,public,"fastq,sra,run.zq","gs,s3,ncbi","ncbi.public,s3.us-east-1,gs.us-east1",Colorectal cancer,SRX8969193,GSM4731781,Illumina NovaSeq 6000,PAIRED,cDNA,TRANSCRIPTOMIC,Homo sapiens,ILLUMINA,2021-08-28T00:00:00Z,2020-08-19T09:45:00Z,1,GSM4731781,Native tissue from colorectal cancer patient,SRP278056,Native tissue
SRR12475211,RNA-Seq,300,4283014800,PRJNA658001,SAMN15855977,1296866064,GEO,public,"fastq,run.zq,sra","ncbi,gs,s3","s3.us-east-1,ncbi.public,gs.us-east1",Colorectal cancer,SRX8969194,GSM4731782,Illumina NovaSeq 6000,PAIRED,cDNA,TRANSCRIPTOMIC,Homo sapiens,ILLUMINA,2021-08-28T00:00:00Z,2020-08-19T09:31:00Z,1,GSM4731782,Native tissue from colorectal cancer patient,SRP278056,Native tissue
SRR12475212,RNA-Seq,300,5890704600,PRJNA658001,SAMN15855976,1748042008,GEO,public,"run.zq,fastq,sra","gs,ncbi,s3","ncbi.public,gs.us-east1,s3.us-east-1",Colorectal cancer,SRX8969195,GSM4731783,Illumina NovaSeq 6000,PAIRED,cDNA,TRANSCRIPTOMIC,Homo sapiens,ILLUMINA,2021-08-28T00:00:00Z,2020-08-19T09:34:00Z,1,GSM4731783,Native tissue from colorectal cancer patient,SRP278056,Native tissue
SRR12475213,RNA-Seq,300,3944665500,PRJNA658001,SAMN15855975,1198981900,GEO,public,"run.zq,sra,fastq","ncbi,gs,s3","ncbi.public,s3.us-east-1,gs.us-east1",Colorectal cancer,SRX8969196,GSM4731784,Illumina NovaSeq 6000,PAIRED,cDNA,TRANSCRIPTOMIC,Homo sapiens,ILLUMINA,2021-08-28T00:00:00Z,2020-08-19T09:37:00Z,1,GSM4731784,Native tissue from colorectal cancer patient,SRP278056,Native tissue
SRR12475214,RNA-Seq,300,4335743100,PRJNA658001,SAMN15855974,1314635396,GEO,public,"fastq,run.zq,sra","s3,ncbi,gs","gs.us-east1,ncbi.public,s3.us-east-1",Colorectal cancer,SRX8969197,GSM4731785,Illumina NovaSeq 6000,PAIRED,cDNA,TRANSCRIPTOMIC,Homo sapiens,ILLUMINA,2021-08-28T00:00:00Z,2020-08-19T09:31:00Z,1,GSM4731785,Native tissue from colorectal cancer patient,SRP278056,Native tissue
SRR12475215,RNA-Seq,300,6278957700,PRJNA658001,SAMN15855973,1879439418,GEO,public,"fastq,run.zq,sra","ncbi,s3,gs","ncbi.public,s3.us-east-1,gs.us-east1",Colorectal cancer,SRX8969198,GSM4731786,Illumina NovaSeq 6000,PAIRED,cDNA,TRANSCRIPTOMIC,Homo sapiens,ILLUMINA,2021-08-28T00:00:00Z,2020-08-19T09:34:00Z,1,GSM4731786,Native tissue from colorectal cancer patient,SRP278056,Native tissue
SRR12475216,RNA-Seq,300,4449626400,PRJNA658001,SAMN15855972,1330531591,GEO,public,"sra,run.zq,fastq","s3,gs,ncbi","ncbi.public,s3.us-east-1,gs.us-east1",Colorectal cancer,SRX8969199,GSM4731787,Illumina NovaSeq 6000,PAIRED,cDNA,TRANSCRIPTOMIC,Homo sapiens,ILLUMINA,2021-08-28T00:00:00Z,2020-08-19T09:31:00Z,1,GSM4731787,Native tissue from colorectal cancer patient,SRP278056,Native tissue
SRR12475217,RNA-Seq,300,5280664200,PRJNA658001,SAMN15855971,1595431715,GEO,public,"sra,fastq,run.zq","gs,s3,ncbi","s3.us-east-1,ncbi.public,gs.us-east1",Colorectal cancer,SRX8969200,GSM4731788,Illumina NovaSeq 6000,PAIRED,cDNA,TRANSCRIPTOMIC,Homo sapiens,ILLUMINA,2021-08-28T00:00:00Z,2020-08-19T09:32:00Z,1,GSM4731788,Native tissue from colorectal cancer patient,SRP278056,Native tissue
SRR12475218,RNA-Seq,300,4633745400,PRJNA658001,SAMN15855970,1411366763,GEO,public,"run.zq,sra,fastq","ncbi,s3,gs","s3.us-east-1,gs.us-east1,ncbi.public",Colorectal cancer,SRX8969201,GSM4731789,Illumina NovaSeq 6000,PAIRED,cDNA,TRANSCRIPTOMIC,Homo sapiens,ILLUMINA,2021-08-28T00:00:00Z,2020-08-19T09:33:00Z,1,GSM4731789,Native tissue from colorectal cancer patient,SRP278056,Native tissue
SRR12475219,RNA-Seq,300,7345356600,PRJNA658001,SAMN15855969,2213433836,GEO,public,"run.zq,fastq,sra","gs,s3,ncbi","gs.us-east1,ncbi.public,s3.us-east-1",Colorectal cancer,SRX8969202,GSM4731790,Illumina NovaSeq 6000,PAIRED,cDNA,TRANSCRIPTOMIC,Homo sapiens,ILLUMINA,2021-08-28T00:00:00Z,2020-08-19T09:37:00Z,1,GSM4731790,Native tissue from colorectal cancer patient,SRP278056,Native tissue
SRR12475220,RNA-Seq,300,6825237900,PRJNA658001,SAMN15855968,2059246446,GEO,public,"run.zq,sra,fastq","s3,ncbi,gs","gs.us-east1,ncbi.public,s3.us-east-1",Colorectal cancer,SRX8969203,GSM4731791,Illumina NovaSeq 6000,PAIRED,cDNA,TRANSCRIPTOMIC,Homo sapiens,ILLUMINA,2021-08-28T00:00:00Z,2020-08-19T09:33:00Z,1,GSM4731791,Native tissue from colorectal cancer patient,SRP278056,Native tissue
SRR12475221,RNA-Seq,300,8289029100,PRJNA658001,SAMN15855967,2470770950,GEO,public,"run.zq,fastq,sra","s3,ncbi,gs","gs.us-east1,ncbi.public,s3.us-east-1",Colorectal cancer,SRX8969204,GSM4731792,Illumina NovaSeq 6000,PAIRED,cDNA,TRANSCRIPTOMIC,Homo sapiens,ILLUMINA,2021-08-28T00:00:00Z,2020-08-19T09:47:00Z,1,GSM4731792,Native tissue from colorectal cancer patient,SRP278056,Native tissue
SRR12475222,RNA-Seq,300,7206609600,PRJNA658001,SAMN15855966,2150754759,GEO,public,"fastq,sra,run.zq","gs,s3,ncbi","gs.us-east1,ncbi.public,s3.us-east-1",Colorectal cancer,SRX8969205,GSM4731793,Illumina NovaSeq 6000,PAIRED,cDNA,TRANSCRIPTOMIC,Homo sapiens,ILLUMINA,2021-08-28T00:00:00Z,2020-08-19T09:39:00Z,1,GSM4731793,Native tissue from colorectal cancer patient,SRP278056,Native tissue
SRR12475223,RNA-Seq,300,5184667800,PRJNA658001,SAMN15855965,1880610118,GEO,public,"fastq,run.zq,sra","gs,s3,ncbi","s3.us-east-1,gs.us-east1,ncbi.public",Colorectal cancer,SRX8969086,GSM4731794,Illumina NovaSeq 6000,PAIRED,cDNA,TRANSCRIPTOMIC,Homo sapiens,ILLUMINA,2021-08-28T00:00:00Z,2020-08-19T09:41:00Z,1,GSM4731794,Native tissue from colorectal cancer patient,SRP278056,Native tissue
SRR12475224,RNA-Seq,300,4827260100,PRJNA658001,SAMN15855964,1764237999,GEO,public,"sra,run.zq,fastq","s3,gs,ncbi","ncbi.public,gs.us-east1,s3.us-east-1",Colorectal cancer,SRX8969087,GSM4731795,Illumina NovaSeq 6000,PAIRED,cDNA,TRANSCRIPTOMIC,Homo sapiens,ILLUMINA,2021-08-28T00:00:00Z,2020-08-19T09:32:00Z,1,GSM4731795,Native tissue from colorectal cancer patient,SRP278056,Native tissue
SRR12475225,RNA-Seq,300,3960848400,PRJNA658001,SAMN15855963,1472926889,GEO,public,"run.zq,sra,fastq","ncbi,s3,gs","gs.us-east1,s3.us-east-1,ncbi.public",Colorectal cancer,SRX8969088,GSM4731796,Illumina NovaSeq 6000,PAIRED,cDNA,TRANSCRIPTOMIC,Homo sapiens,ILLUMINA,2021-08-28T00:00:00Z,2020-08-19T09:33:00Z,1,GSM4731796,Native tissue from colorectal cancer patient,SRP278056,Native tissue
SRR12475226,RNA-Seq,300,3602902800,PRJNA658001,SAMN15856012,1350217250,GEO,public,"fastq,sra,run.zq","ncbi,s3,gs","gs.us-east1,s3.us-east-1,ncbi.public",Colorectal cancer,SRX8969089,GSM4731797,Illumina NovaSeq 6000,PAIRED,cDNA,TRANSCRIPTOMIC,Homo sapiens,ILLUMINA,2021-08-28T00:00:00Z,2020-08-19T09:30:00Z,1,GSM4731797,Native tissue from colorectal cancer patient,SRP278056,Native tissue
SRR12475227,RNA-Seq,300,3734808900,PRJNA658001,SAMN15856011,1399160986,GEO,public,"run.zq,fastq,sra","s3,gs,ncbi","ncbi.public,s3.us-east-1,gs.us-east1",Colorectal cancer,SRX8969090,GSM4731798,Illumina NovaSeq 6000,PAIRED,cDNA,TRANSCRIPTOMIC,Homo sapiens,ILLUMINA,2021-08-28T00:00:00Z,2020-08-19T09:30:00Z,1,GSM4731798,Native tissue from colorectal cancer patient,SRP278056,Native tissue
SRR12475228,RNA-Seq,300,2995853700,PRJNA658001,SAMN15856010,1134768489,GEO,public,"fastq,sra,run.zq","gs,s3,ncbi","ncbi.public,s3.us-east-1,gs.us-east1",Colorectal cancer,SRX8969091,GSM4731799,Illumina NovaSeq 6000,PAIRED,cDNA,TRANSCRIPTOMIC,Homo sapiens,ILLUMINA,2021-08-28T00:00:00Z,2020-08-19T09:29:00Z,1,GSM4731799,Native tissue from colorectal cancer patient,SRP278056,Native tissue
SRR12475229,RNA-Seq,300,4843909800,PRJNA658001,SAMN15856015,1827619843,GEO,public,"fastq,sra,run.zq","gs,ncbi,s3","ncbi.public,gs.us-east1,s3.us-east-1",Colorectal cancer,SRX8969092,GSM4731800,Illumina NovaSeq 6000,PAIRED,cDNA,TRANSCRIPTOMIC,Homo sapiens,ILLUMINA,2021-08-28T00:00:00Z,2020-08-19T09:54:00Z,1,GSM4731800,Native tissue from colorectal cancer patient,SRP278056,Native tissue
SRR12475230,RNA-Seq,300,4130958000,PRJNA658001,SAMN15856014,1532035354,GEO,public,"sra,run.zq,fastq","gs,ncbi,s3","ncbi.public,s3.us-east-1,gs.us-east1",Colorectal cancer,SRX8969093,GSM4731801,Illumina NovaSeq 6000,PAIRED,cDNA,TRANSCRIPTOMIC,Homo sapiens,ILLUMINA,2021-08-28T00:00:00Z,2020-08-19T09:33:00Z,1,GSM4731801,Native tissue from colorectal cancer patient,SRP278056,Native tissue
SRR12475231,RNA-Seq,300,6203786100,PRJNA658001,SAMN15856013,2278476109,GEO,public,"sra,fastq,run.zq","s3,gs,ncbi","ncbi.public,gs.us-east1,s3.us-east-1",Colorectal cancer,SRX8969094,GSM4731802,Illumina NovaSeq 6000,PAIRED,cDNA,TRANSCRIPTOMIC,Homo sapiens,ILLUMINA,2021-08-28T00:00:00Z,2020-08-19T09:39:00Z,1,GSM4731802,Native tissue from colorectal cancer patient,SRP278056,Native tissue
SRR12475232,RNA-Seq,300,5277058800,PRJNA658001,SAMN15856009,1918762578,GEO,public,"run.zq,fastq,sra","gs,ncbi,s3","gs.us-east1,ncbi.public,s3.us-east-1",Colorectal cancer,SRX8969095,GSM4731803,Illumina NovaSeq 6000,PAIRED,cDNA,TRANSCRIPTOMIC,Homo sapiens,ILLUMINA,2021-08-28T00:00:00Z,2020-08-19T09:33:00Z,1,GSM4731803,Native tissue from colorectal cancer patient,SRP278056,Native tissue
SRR12475233,RNA-Seq,300,6055948800,PRJNA658001,SAMN15856008,2194628623,GEO,public,"fastq,run.zq,sra","s3,ncbi,gs","s3.us-east-1,gs.us-east1,ncbi.public",Colorectal cancer,SRX8969096,GSM4731804,Illumina NovaSeq 6000,PAIRED,cDNA,TRANSCRIPTOMIC,Homo sapiens,ILLUMINA,2021-08-28T00:00:00Z,2020-08-19T09:39:00Z,1,GSM4731804,Native tissue from colorectal cancer patient,SRP278056,Native tissue
SRR12475234,RNA-Seq,300,5280869700,PRJNA658001,SAMN15856007,1925753643,GEO,public,"sra,run.zq,fastq","gs,s3,ncbi","gs.us-east1,s3.us-east-1,ncbi.public",Colorectal cancer,SRX8969097,GSM4731805,Illumina NovaSeq 6000,PAIRED,cDNA,TRANSCRIPTOMIC,Homo sapiens,ILLUMINA,2021-08-28T00:00:00Z,2020-08-19T09:44:00Z,1,GSM4731805,Native tissue from colorectal cancer patient,SRP278056,Native tissue
SRR12475235,RNA-Seq,300,4205526600,PRJNA658001,SAMN15856006,1600175953,GEO,public,"fastq,sra,run.zq","ncbi,s3,gs","ncbi.public,s3.us-east-1,gs.us-east1",Colorectal cancer,SRX8969098,GSM4731806,Illumina NovaSeq 6000,PAIRED,cDNA,TRANSCRIPTOMIC,Homo sapiens,ILLUMINA,2021-08-28T00:00:00Z,2020-08-19T09:33:00Z,1,GSM4731806,Native tissue from colorectal cancer patient,SRP278056,Native tissue
SRR12475236,RNA-Seq,300,3144542700,PRJNA658001,SAMN15856005,1214178296,GEO,public,"run.zq,sra,fastq","s3,gs,ncbi","ncbi.public,s3.us-east-1,gs.us-east1",Colorectal cancer,SRX8969099,GSM4731807,Illumina NovaSeq 6000,PAIRED,cDNA,TRANSCRIPTOMIC,Homo sapiens,ILLUMINA,2021-08-28T00:00:00Z,2020-08-19T09:30:00Z,1,GSM4731807,Native tissue from colorectal cancer patient,SRP278056,Native tissue
SRR12475237,RNA-Seq,300,6290418900,PRJNA658001,SAMN15856004,2336790913,GEO,public,"fastq,sra,run.zq","gs,s3,ncbi","gs.us-east1,ncbi.public,s3.us-east-1",Colorectal cancer,SRX8969100,GSM4731808,Illumina NovaSeq 6000,PAIRED,cDNA,TRANSCRIPTOMIC,Homo sapiens,ILLUMINA,2021-08-28T00:00:00Z,2020-08-19T09:47:00Z,1,GSM4731808,Native tissue from colorectal cancer patient,SRP278056,Native tissue
SRR12475238,RNA-Seq,300,6502904100,PRJNA658001,SAMN15856003,2420664726,GEO,public,"fastq,run.zq,sra","s3,gs,ncbi","gs.us-east1,s3.us-east-1,ncbi.public",Colorectal cancer,SRX8969101,GSM4731809,Illumina NovaSeq 6000,PAIRED,cDNA,TRANSCRIPTOMIC,Homo sapiens,ILLUMINA,2021-08-28T00:00:00Z,2020-08-19T09:37:00Z,1,GSM4731809,Native tissue from colorectal cancer patient,SRP278056,Native tissue
SRR12475239,RNA-Seq,300,5649726000,PRJNA658001,SAMN15856002,2101055210,GEO,public,"run.zq,sra,fastq","s3,ncbi,gs","gs.us-east1,ncbi.public,s3.us-east-1",Colorectal cancer,SRX8969102,GSM4731810,Illumina NovaSeq 6000,PAIRED,cDNA,TRANSCRIPTOMIC,Homo sapiens,ILLUMINA,2021-08-28T00:00:00Z,2020-08-19T09:36:00Z,1,GSM4731810,Native tissue from colorectal cancer patient,SRP278056,Native tissue
SRR12475240,RNA-Seq,300,5371299900,PRJNA658001,SAMN15856001,2005456708,GEO,public,"run.zq,fastq,sra","s3,ncbi,gs","gs.us-east1,s3.us-east-1,ncbi.public",Colorectal cancer,SRX8969103,GSM4731811,Illumina NovaSeq 6000,PAIRED,cDNA,TRANSCRIPTOMIC,Homo sapiens,ILLUMINA,2021-08-28T00:00:00Z,2020-08-19T09:38:00Z,1,GSM4731811,Native tissue from colorectal cancer patient,SRP278056,Native tissue
SRR12475241,RNA-Seq,300,5259243000,PRJNA658001,SAMN15856000,1985346539,GEO,public,"sra,fastq,run.zq","gs,ncbi,s3","ncbi.public,gs.us-east1,s3.us-east-1",Colorectal cancer,SRX8969104,GSM4731812,Illumina NovaSeq 6000,PAIRED,cDNA,TRANSCRIPTOMIC,Homo sapiens,ILLUMINA,2021-08-28T00:00:00Z,2020-08-19T09:34:00Z,1,GSM4731812,Native tissue from colorectal cancer patient,SRP278056,Native tissue
SRR12475242,RNA-Seq,300,5142113700,PRJNA658001,SAMN15855999,1918880000,GEO,public,"run.zq,sra,fastq","gs,ncbi,s3","ncbi.public,gs.us-east1,s3.us-east-1",Colorectal cancer,SRX8969105,GSM4731813,Illumina NovaSeq 6000,PAIRED,cDNA,TRANSCRIPTOMIC,Homo sapiens,ILLUMINA,2021-08-28T00:00:00Z,2020-08-19T09:32:00Z,1,GSM4731813,Native tissue from colorectal cancer patient,SRP278056,Native tissue
SRR12475243,RNA-Seq,300,4789532400,PRJNA658001,SAMN15855998,1780353512,GEO,public,"sra,run.zq,fastq","s3,ncbi,gs","s3.us-east-1,gs.us-east1,ncbi.public",Colorectal cancer,SRX8969106,GSM4731814,Illumina NovaSeq 6000,PAIRED,cDNA,TRANSCRIPTOMIC,Homo sapiens,ILLUMINA,2021-08-28T00:00:00Z,2020-08-19T09:31:00Z,1,GSM4731814,Native tissue from colorectal cancer patient,SRP278056,Native tissue
SRR12475244,RNA-Seq,300,3624638400,PRJNA658001,SAMN15855997,1385020976,GEO,public,"sra,run.zq,fastq","gs,ncbi,s3","ncbi.public,s3.us-east-1,gs.us-east1",Colorectal cancer,SRX8969107,GSM4731815,Illumina NovaSeq 6000,PAIRED,cDNA,TRANSCRIPTOMIC,Homo sapiens,ILLUMINA,2021-08-28T00:00:00Z,2020-08-19T09:31:00Z,1,GSM4731815,Native tissue from colorectal cancer patient,SRP278056,Native tissue
SRR12475245,RNA-Seq,300,5084139300,PRJNA658001,SAMN15855996,1901602526,GEO,public,"sra,run.zq,fastq","s3,gs,ncbi","gs.us-east1,ncbi.public,s3.us-east-1",Colorectal cancer,SRX8969108,GSM4731816,Illumina NovaSeq 6000,PAIRED,cDNA,TRANSCRIPTOMIC,Homo sapiens,ILLUMINA,2021-08-28T00:00:00Z,2020-08-19T09:39:00Z,1,GSM4731816,Native tissue from colorectal cancer patient,SRP278056,Native tissue
SRR12475246,RNA-Seq,300,4537076400,PRJNA658001,SAMN15855995,1723292171,GEO,public,"run.zq,fastq,sra","gs,ncbi,s3","s3.us-east-1,gs.us-east1,ncbi.public",Colorectal cancer,SRX8969109,GSM4731817,Illumina NovaSeq 6000,PAIRED,cDNA,TRANSCRIPTOMIC,Homo sapiens,ILLUMINA,2021-08-28T00:00:00Z,2020-08-19T09:43:00Z,1,GSM4731817,Native tissue from colorectal cancer patient,SRP278056,Native tissue
